date,price,volume
2019-12-23,0.01612,10459198.27
2019-12-24,0.01563,13453729.61
2019-12-25,0.01564,7608579.03
2019-12-26,0.01523,6012893.71
2019-12-27,0.01493,3009215.8
2019-12-28,0.01472,5047100.39
2019-12-29,0.01432,2112214.09
2019-12-30,0.01372,4639692.87
2019-12-31,0.01488,9087981.85
2020-01-01,0.0147,11691905.36
2020-01-02,0.01519,5328121.27
2020-01-03,0.01486,4051842.17
2020-01-04,0.01487,2460704.1
2020-01-05,0.01553,6226549.05
2020-01-06,0.0151,7595842.75
2020-01-07,0.01496,7508933.25
2020-01-08,0.01462,4146913.12
2020-01-09,0.01482,3728410.94
2020-01-10,0.01485,2622514.53
2020-01-11,0.01497,1772703.57
2020-01-12,0.01548,3658171.65
2020-01-13,0.0157,8887627.94
2020-01-14,0.01639,6993428.17
2020-01-15,0.01604,5722715.08
2020-01-16,0.01868,25570248.23
2020-01-17,0.01746,6599123.46
2020-01-18,0.01645,5767210.48
2020-01-19,0.01684,4936446.39
2020-01-20,0.0171,6150426.92
2020-01-21,0.01707,2168215.51
2020-01-22,0.01603,3103269.11
2020-01-23,0.01627,2684110.6
2020-01-24,0.01602,1816994.42
2020-01-25,0.01652,1386816.09
2020-01-26,0.01691,3828477.7
2020-01-27,0.01709,3923983.98
2020-01-28,0.01709,2135663.84
2020-01-29,0.01853,7416691.9
2020-01-30,0.01784,6578403.33
2020-01-31,0.01821,1867145.57
2020-02-01,0.01904,5877816.67
2020-02-02,0.02192,24490317.94
2020-02-03,0.02091,19756124.44
2020-02-04,0.02153,15445980.16
2020-02-05,0.02449,30070377.85
2020-02-06,0.02305,17322088.08
2020-02-07,0.02118,22353038.9
2020-02-08,0.02194,8387896.52
2020-02-09,0.02159,9165407.95
2020-02-10,0.023,8888545.84
2020-02-11,0.02287,14541463.52
2020-02-12,0.02221,8698313.27
2020-02-13,0.02331,8989999.18
2020-02-14,0.0209,11299660.25
2020-02-15,0.02015,10490628.15
2020-02-16,0.02008,9442186.63
2020-02-17,0.02159,11349808.64
2020-02-18,0.02007,5416029.97
2020-02-19,0.02076,5127459.49
2020-02-20,0.02075,9384652.6
2020-02-21,0.02089,2837792.91
2020-02-22,0.02235,7157606.84
2020-02-23,0.02078,5312316.84
2020-02-24,0.0191,5997598.1
2020-02-25,0.01829,8176907.46
2020-02-26,0.01967,7444480.39
2020-02-27,0.02023,7584922.84
2020-02-28,0.02025,8564072.31
2020-02-29,0.01932,6305448.23
2020-03-01,0.02132,5948645.49
2020-03-02,0.02349,14989470.96
2020-03-03,0.02518,32070176.21
2020-03-04,0.02641,22019969.92
2020-03-05,0.02501,12509030.73
2020-03-06,0.0268,28957261.05
2020-03-07,0.02143,18613598.62
2020-03-08,0.02058,24734064.65
2020-03-09,0.02061,14889920.81
2020-03-10,0.01907,18348323.27
2020-03-11,0.009342,16514293.06
2020-03-12,0.01098,14334227.01
2020-03-13,0.009845,4947127.23
2020-03-14,0.00991,5235063.01
2020-03-15,0.008173,7600294.68
2020-03-16,0.009234,5766386.28
2020-03-17,0.009148,3715303.13
2020-03-18,0.01126,7758586.74
2020-03-19,0.01086,7269362.77
2020-03-20,0.01121,5021559.15
2020-03-21,0.01008,2329098.92
2020-03-22,0.01119,2171623.87
2020-03-23,0.0113,2681593.19
2020-03-24,0.01145,2564040.24
2020-03-25,0.01189,3683409.54
2020-03-26,0.01085,1831055.08
2020-03-27,0.01069,2326525.12
2020-03-28,0.01,1443979.49
2020-03-29,0.01069,1805189.29
2020-03-30,0.01105,2311567.47
2020-03-31,0.01126,3670380.1
2020-04-01,0.0115,3623610.36
2020-04-02,0.01153,1873323.55
2020-04-03,0.01169,1443445.51
2020-04-04,0.01146,1092539.4
2020-04-05,0.01359,8576853.36
2020-04-06,0.01296,5825374.54
2020-04-07,0.01378,3812896.17
2020-04-08,0.01357,3503324.0
2020-04-09,0.01203,4665105.98
2020-04-10,0.01219,3134699.89
2020-04-11,0.01224,1951187.58
2020-04-12,0.012,1820725.74
2020-04-13,0.01218,1758106.1
2020-04-14,0.01167,1028272.1
2020-04-15,0.01266,1805579.81
2020-04-16,0.01281,2143376.96
2020-04-17,0.01344,1488265.98
2020-04-18,0.01291,2424109.51
2020-04-19,0.01204,2395355.63
2020-04-20,0.01206,2149365.61
2020-04-21,0.01277,1468406.14
2020-04-22,0.0143,8476598.82
2020-04-23,0.01472,9115250.21
2020-04-24,0.01509,5327775.6
2020-04-25,0.01571,6298888.06
2020-04-26,0.01542,5928935.63
2020-04-27,0.01575,3639754.48
2020-04-28,0.01643,9596337.9
2020-04-29,0.01546,8791902.03
2020-04-30,0.01589,3847691.97
2020-05-01,0.01697,4926851.6
2020-05-02,0.0171,7560305.9
2020-05-03,0.01705,5849804.07
2020-05-04,0.01689,3087196.65
2020-05-05,0.01702,6567141.69
2020-05-06,0.0174,8618222.79
2020-05-07,0.01795,6227293.09
2020-05-08,0.01727,3692432.89
2020-05-09,0.01529,7619159.84
2020-05-10,0.015,7391261.59
2020-05-11,0.01729,15251042.31
2020-05-12,0.02031,22690574.21
2020-05-13,0.02017,21929937.47
2020-05-14,0.01928,8771105.88
2020-05-15,0.02009,11787010.99
2020-05-16,0.02031,7093841.98
2020-05-17,0.02071,5979573.37
2020-05-18,0.0223,17703341.76
2020-05-19,0.02092,13054571.52
2020-05-20,0.01921,8748292.65
2020-05-21,0.02036,6396137.79
2020-05-22,0.02012,4084316.43
2020-05-23,0.01936,9344137.36
2020-05-24,0.02136,12173059.17
2020-05-25,0.02574,48670955.4
2020-05-26,0.02448,38603863.99
2020-05-27,0.02519,22782748.74
2020-05-28,0.02592,16771834.11
2020-05-29,0.02406,18772589.32
2020-05-30,0.02041,28333628.65
2020-05-31,0.02175,17463994.21
2020-06-01,0.02076,12451343.8
2020-06-02,0.02165,7083908.63
2020-06-03,0.02165,9829168.66
2020-06-04,0.02069,7556613.11
2020-06-05,0.0206,3017699.56
2020-06-06,0.02028,3691942.29
2020-06-07,0.02035,2609885.35
2020-06-08,0.02015,2585302.75
2020-06-09,0.02137,13116328.22
2020-06-10,0.01965,8082684.47
2020-06-11,0.02054,3326140.54
2020-06-12,0.02065,2895287.02
2020-06-13,0.02063,7142162.36
2020-06-14,0.02046,4842005.03
2020-06-15,0.02067,4378526.14
2020-06-16,0.02072,4507465.06
2020-06-17,0.02045,3441141.15
2020-06-18,0.02018,3521537.56
2020-06-19,0.02265,10502865.43
2020-06-20,0.02128,9027844.77
2020-06-21,0.02239,8968716.13
2020-06-22,0.02271,5122150.99
2020-06-23,0.0224,6264353.62
2020-06-24,0.02162,3277688.96
2020-06-25,0.02079,4173878.42
2020-06-26,0.01946,5075707.09
2020-06-27,0.02006,4671157.9
2020-06-28,0.01966,5189046.46
2020-06-29,0.019,2168298.89
2020-06-30,0.01875,6436609.07
2020-07-01,0.01891,3503353.76
2020-07-02,0.01931,4204564.95
2020-07-03,0.01956,2076953.68
2020-07-04,0.01907,2558385.89
2020-07-05,0.02,2811137.0
2020-07-06,0.02018,5825729.75
2020-07-07,0.02171,9027758.89
2020-07-08,0.0207,6470351.36
2020-07-09,0.02118,5120523.11
2020-07-10,0.02143,5198791.21
2020-07-11,0.02121,3744895.49
2020-07-12,0.02236,16336751.47
2020-07-13,0.0224,8113053.56
2020-07-14,0.02225,11007937.58
2020-07-15,0.02092,9077764.06
2020-07-16,0.02124,3579397.51
2020-07-17,0.02147,2903632.63
2020-07-18,0.02129,3435746.72
2020-07-19,0.02163,10051517.76
2020-07-20,0.02132,7249910.26
2020-07-21,0.02127,3965090.15
2020-07-22,0.02145,8528.06
2020-07-23,0.02141,31876.2
2020-07-24,0.02118,25511.24
2020-07-25,0.02123,53417.35
2020-07-26,0.02029,347065.93
2020-07-27,0.02022,168024.63
2020-07-28,0.0207,37320.35
2020-07-29,0.02029,14982.72
2020-07-30,0.02029,52940.08
2020-07-31,0.0206,160581.5
2020-08-01,0.02029,133342.26
2020-08-02,0.02041,112943.22
2020-08-03,0.0207,25053.26
2020-08-04,0.02069,68811.72
2020-08-05,0.02175,34330.73
2020-08-06,0.022,13598.07
2020-08-07,0.02293,17251.94
2020-08-08,0.02314,29452.18
2020-08-09,0.02411,10798.89
2020-08-10,0.02258,41259.7
2020-08-11,0.02589,25964.99
2020-08-12,0.02743,84317.9
2020-08-13,0.02846,22051.98
2020-08-14,0.03059,105444.48
2020-08-15,0.02977,46173.8
2020-08-16,0.02911,88542.57
2020-08-17,0.02741,30690.03
2020-08-18,0.02552,42095.2
2020-08-19,0.02684,10041.41
2020-08-20,0.025,32251.66
2020-08-21,0.02542,10186.43
2020-08-22,0.02529,7359.23
2020-08-23,0.02801,13100.46
2020-08-24,0.02556,11846.97
2020-08-25,0.02705,11193.82
2020-08-26,0.02599,11125.35
2020-08-27,0.02714,11777.63
2020-08-28,0.02781,13213.89
2020-08-29,0.02769,4345.12
2020-08-30,0.02691,5713.92
2020-08-31,0.02589,33140.43
2020-09-01,0.02383,25498.83
2020-09-02,0.01975,14576.74
2020-09-03,0.01955,28278.84
2020-09-04,0.0185,10299.67
2020-09-05,0.01878,24485.14
2020-09-06,0.019,2554.17
2020-09-07,0.01817,1973.24
2020-09-08,0.02058,30199.27
2020-09-09,0.02055,32925.0
2020-09-10,0.02137,10776.63
2020-09-11,0.0213,8196.19
2020-09-12,0.01985,28932.01
2020-09-13,0.02055,6727.21
2020-09-14,0.0204,38058.38
2020-09-15,0.0201,7275.65
2020-09-16,0.02055,8201.17
2020-09-17,0.02112,18413.54
2020-09-18,0.02099,5028.81
2020-09-19,0.02196,20367.39
2020-09-20,0.01916,13513.22
2020-09-21,0.01965,3179.41
2020-09-22,0.01789,2481.18
2020-09-23,0.01903,2786.04
2020-09-24,0.01963,458.83
2020-09-25,0.01898,1488.87
2020-09-26,0.01899,901.53
2020-09-27,0.019,3391.46
2020-09-28,0.01968,3749.73
2020-09-29,0.0204,11644.51
2020-09-30,0.01901,2522.44
2020-10-01,0.01859,9979.24
2020-10-02,0.01872,9502.99
2020-10-03,0.01885,1948.77
2020-10-04,0.01908,14670.58
2020-10-05,0.0174,14091.99
2020-10-06,0.0171,2721.99
2020-10-07,0.01715,9407.37
2020-10-08,0.01729,13982.53
2020-10-09,0.01747,4834.4
2020-10-10,0.01785,4031.74
2020-10-11,0.01857,49387.74
2020-10-12,0.01798,12339.38
2020-10-13,0.01748,5112.5
2020-10-14,0.0175,1966.23
2020-10-15,0.01663,14424.63
2020-10-16,0.017,3722.26
2020-10-17,0.017,5377.81
2020-10-18,0.01656,7164.03
2020-10-19,0.01596,22067.41
2020-10-20,0.01646,7001.62
2020-10-21,0.0176,21954.78
2020-10-22,0.01723,1920.16
2020-10-23,0.0178,3520.38
2020-10-24,0.01746,905.74
2020-10-25,0.01673,4419.18
2020-10-26,0.016,10615.86
2020-10-27,0.01549,34242.98
2020-10-28,0.0141,12295.42
2020-10-29,0.01406,13873.91
2020-10-30,0.0139,2630.39
2020-10-31,0.01417,5519.41
2020-11-01,0.01386,7045.69
2020-11-02,0.0128,9009.46
2020-11-03,0.01243,4359.6
2020-11-04,0.01359,2715.26
2020-11-05,0.0154,17515.03
2020-11-06,0.01398,13124.26
2020-11-07,0.01586,12428.18
2020-11-08,0.01565,10396.52
2020-11-09,0.01739,20610.53
2020-11-10,0.01681,7461.81
2020-11-11,0.01609,15524.25
2020-11-12,0.01689,8449.51
2020-11-13,0.01686,8549.64
2020-11-14,0.0163,13988.66
2020-11-15,0.01669,6888.39
2020-11-16,0.01793,29013.19
2020-11-17,0.01705,9243.29
2020-11-18,0.01767,13636.98
2020-11-19,0.0179,14343.75
2020-11-20,0.0197,22557.8
2020-11-21,0.01947,30155.51
2020-11-22,0.02104,27793.47
2020-11-23,0.02146,35563.29
2020-11-24,0.02142,37469.8
2020-11-25,0.01789,32179.23
2020-11-26,0.01758,9128.38
2020-11-27,0.01891,13030.34
2020-11-28,0.01898,3949.5
2020-11-29,0.01944,12884.5
2020-11-30,0.01893,17660.22
2020-12-01,0.01943,3733.41
2020-12-02,0.02058,18900.79
2020-12-03,0.01882,16300.83
2020-12-04,0.0196,16473.08
2020-12-05,0.01957,14907.78
2020-12-06,0.01943,8088.82
2020-12-07,0.01786,9281.21
2020-12-08,0.01843,14324.38
2020-12-09,0.0181,4210.65
2020-12-10,0.01755,2037.78
2020-12-11,0.01793,4573.66
2020-12-12,0.0183,9889.78
2020-12-13,0.01858,3618.36
2020-12-14,0.01921,21537.44
2020-12-15,0.01988,12380.58
2020-12-16,0.01872,9903.27
2020-12-17,0.0205,14361.54
2020-12-18,0.02,4940.81
2020-12-19,0.01906,7655.99
2020-12-20,0.01862,15488.62
2020-12-21,0.01846,16567.06
2020-12-22,0.01518,18320.42
2020-12-23,0.01637,15030.33
2020-12-24,0.01662,17813.53
2020-12-25,0.01908,31119.2
2020-12-26,0.01839,18063.61
2020-12-27,0.01864,10064.58
2020-12-28,0.01818,15084.35
2020-12-29,0.01823,5646.35
2020-12-30,0.01782,15313.62
2020-12-31,0.01781,11523.21
2021-01-01,0.01861,21309.78
2021-01-02,0.02034,17827.88
2021-01-03,0.02414,52091.37
2021-01-04,0.0246,64669.64
2021-01-05,0.03472,93345.12
2021-01-06,0.03297,109673.85
2021-01-07,0.0312,60560.35
2021-01-08,0.03346,32371.56
2021-01-09,0.03075,69047.06
2021-01-10,0.02559,35153.23
2021-01-11,0.02604,27909.57
2021-01-12,0.03057,17564.08
2021-01-13,0.03263,19439.42
2021-01-14,0.03359,30169.28
2021-01-15,0.03261,17804.9
2021-01-16,0.0336,31478.44
2021-01-17,0.03537,25718.58
2021-01-18,0.03274,29961.78
2021-01-19,0.03384,42190.42
2021-01-20,0.029,25188.78
2021-01-21,0.03122,17307.58
2021-01-22,0.03408,16217.6
2021-01-23,0.0329,17317.29
2021-01-24,0.0333,17907.34
2021-01-25,0.04364,173279.08
2021-01-26,0.04244,57783.02
2021-01-27,0.03884,50042.44
2021-01-28,0.04,52170.29
2021-01-29,0.03976,77552.64
2021-01-30,0.03784,66615.68
2021-01-31,0.03999,87658.32
2021-02-01,0.041,24377.2
2021-02-02,0.04407,60972.94
2021-02-03,0.04674,53335.07
2021-02-04,0.05473,94819.14
2021-02-05,0.0524,64676.05
2021-02-06,0.0667,73060.11
2021-02-07,0.07182,349207.12
2021-02-08,0.09702,355461.97
2021-02-09,0.1156,832003.51
2021-02-10,0.1232,331922.25
2021-02-11,0.1218,299530.51
2021-02-12,0.1128,304341.27
2021-02-13,0.1015,205544.61
2021-02-14,0.1055,292607.99
2021-02-15,0.1086,109615.83
2021-02-16,0.1132,126398.3
2021-02-17,0.1223,300791.36
2021-02-18,0.1567,363386.39
2021-02-19,0.1399,996220.46
2021-02-20,0.1615,275306.39
2021-02-21,0.1495,407711.33
2021-02-22,0.1374,555082.96
2021-02-23,0.1606,5648656.76
2021-02-24,0.1747,23119017.48
2021-02-25,0.19,13297764.41
2021-02-26,0.1974,17404535.76
2021-02-27,0.231,14274929.78
2021-02-28,0.249,19192488.38
2021-03-01,0.2329,9005016.48
2021-03-02,0.2235,5860558.62
2021-03-03,0.199,7320601.6
2021-03-04,0.2131,7646223.32
2021-03-05,0.213,5451604.84
2021-03-06,0.213,2895952.33
2021-03-07,0.2177,3081768.45
2021-03-08,0.298,18693345.8
2021-03-09,0.2873,26299215.42
2021-03-10,0.4106,56518783.43
2021-03-11,0.4141,61125154.13
2021-03-12,0.4251,37567466.59
2021-03-13,0.3801,23160641.84
2021-03-14,0.3915,24549431.5
2021-03-15,0.3732,15731793.21
2021-03-16,0.4011,23565532.21
2021-03-17,0.3895,13061024.8
2021-03-18,0.4097,9424523.18
2021-03-19,0.3832,8292329.18
2021-03-20,0.3799,8446925.75
2021-03-21,0.3465,7273071.19
2021-03-22,0.3303,6343346.21
2021-03-23,0.3229,10170962.81
2021-03-24,0.3004,6339264.22
2021-03-25,0.3364,6848713.6
2021-03-26,0.3319,6725775.81
2021-03-27,0.3465,5683079.99
2021-03-28,0.3846,20627208.22
2021-03-29,0.3716,7195986.93
2021-03-30,0.3607,8740574.7
2021-03-31,0.3633,6715071.36
2021-04-01,0.3835,8340213.55
2021-04-02,0.3518,6443719.58
2021-04-03,0.3607,3093267.49
2021-04-04,0.3699,4047844.37
2021-04-05,0.3731,7418626.54
2021-04-06,0.3376,6555673.43
2021-04-07,0.356,4102101.76
2021-04-08,0.3665,5395269.69
2021-04-09,0.3583,4360381.13
2021-04-10,0.3683,2886500.43
2021-04-11,0.3578,3216826.59
2021-04-12,0.4224,17022870.36
2021-04-13,0.4141,12884653.27
2021-04-14,0.4411,10682611.84
2021-04-15,0.4351,10877584.65
2021-04-16,0.4029,6558868.78
2021-04-17,0.3642,52811628.05
2021-04-18,0.3265,29658671.43
2021-04-19,0.3422,36437604.97
2021-04-20,0.3562,44629582.59
2021-04-21,0.3506,80126074.92
2021-04-22,0.3818,28313585.22
2021-04-23,0.3545,8329250.95
2021-04-24,0.3839,12660589.18
2021-04-25,0.5374,75541908.53
2021-04-26,0.8312,110200229.79
2021-04-27,0.7776,164174079.63
2021-04-28,0.8903,108351450.17
2021-04-29,0.8205,75374030.79
2021-04-30,0.7856,40375970.78
2021-05-01,0.8235,27995290.67
2021-05-02,0.7955,32009953.04
2021-05-03,0.7048,33189217.34
2021-05-04,0.8104,36790802.07
2021-05-05,0.7631,22915262.42
2021-05-06,0.7528,21615274.34
2021-05-07,0.8501,31658210.43
2021-05-08,0.9696,125486021.0
2021-05-09,0.8783,61154470.68
2021-05-10,1.065,74840003.09
2021-05-11,1.041,133856959.91
2021-05-12,1.053,95753770.36
2021-05-13,1.475,138701706.54
2021-05-14,1.593,244846754.31
2021-05-15,1.722,122268251.33
2021-05-16,1.724,140467085.65
2021-05-17,2.444,364885705.48
2021-05-18,1.626,527282649.4
2021-05-19,1.829,279699695.68
2021-05-20,1.487,171771773.77
2021-05-21,1.196,133391706.31
2021-05-22,1.076,158492753.11
2021-05-23,1.746,360276942.58
2021-05-24,1.936,263245311.51
2021-05-25,2.214,370911050.86
2021-05-26,2.041,266958604.64
2021-05-27,1.821,239968733.59
2021-05-28,1.692,152102418.87
2021-05-29,1.867,179979812.71
2021-05-30,1.873,119799231.84
2021-05-31,1.825,110828589.81
2021-06-01,1.799,80961282.89
2021-06-02,1.823,67125433.33
2021-06-03,1.632,149104756.96
2021-06-04,1.528,98594278.58
2021-06-05,1.581,56364805.86
2021-06-06,1.485,116891036.83
2021-06-07,1.479,157197621.21
2021-06-08,1.491,118968302.79
2021-06-09,1.363,72825274.87
2021-06-10,1.25,73932383.79
2021-06-11,1.339,90200947.88
2021-06-12,1.467,74817436.53
2021-06-13,1.55,74070783.62
2021-06-14,1.63,104036067.4
2021-06-15,1.478,90006992.0
2021-06-16,1.504,60386831.51
2021-06-17,1.379,77562607.61
2021-06-18,1.36,63593652.15
2021-06-19,1.397,60291912.03
2021-06-20,1.101,103494953.55
2021-06-21,1.074,159755134.44
2021-06-22,1.177,93108904.78
2021-06-23,1.204,49159098.47
2021-06-24,1.042,27424725.38
2021-06-25,1.076,31330713.83
2021-06-26,1.113,20989072.26
2021-06-27,1.12,13936772.17
2021-06-28,1.171,22081526.33
2021-06-29,1.166,16897015.37
2021-06-30,1.074,36117583.7
2021-07-01,1.103,29149085.58
2021-07-02,1.118,18095631.49
2021-07-03,1.148,23678426.58
2021-07-04,1.101,20041421.69
2021-07-05,1.131,21425300.42
2021-07-06,1.129,21852492.55
2021-07-07,1.041,28977463.22
2021-07-08,1.052,24833268.89
2021-07-09,1.03,17525800.07
2021-07-10,1.042,10457888.25
2021-07-11,0.9951,23152142.93
2021-07-12,0.9456,21993333.17
2021-07-13,0.9286,37271619.8
2021-07-14,0.8785,24629330.5
2021-07-15,0.8116,27858925.43
2021-07-16,0.801,22161187.25
2021-07-17,0.7943,19619561.85
2021-07-18,0.7331,22251548.47
2021-07-19,0.6886,70202167.71
2021-07-20,0.8888,133006905.55
2021-07-21,0.8808,105404629.02
2021-07-22,0.9486,65399546.23
2021-07-23,0.9487,45601984.22
2021-07-24,0.9395,32323588.86
2021-07-25,1.015,130837329.78
2021-07-26,1.041,74607347.03
2021-07-27,1.018,53304805.94
2021-07-28,1.028,19324278.76
2021-07-29,1.067,39691279.37
2021-07-30,1.083,29982896.88
2021-07-31,1.05,41155546.51
2021-08-01,1.046,31242580.94
2021-08-02,1.022,22568261.6
2021-08-03,1.053,17928957.79
2021-08-04,1.065,24574159.84
2021-08-05,1.08,28006011.32
2021-08-06,1.169,61320087.54
2021-08-07,1.082,41034808.3
2021-08-08,1.127,42128928.64
2021-08-09,1.157,49122419.76
2021-08-10,1.372,122345185.52
2021-08-11,1.323,46231228.71
2021-08-12,1.511,95310645.52
2021-08-13,1.443,58778484.48
2021-08-14,1.467,45454670.5
2021-08-15,1.419,78298977.02
2021-08-16,1.35,75924172.71
2021-08-17,1.334,67473946.67
2021-08-18,1.469,70907825.25
2021-08-19,1.551,76599215.47
2021-08-20,1.585,109033349.49
2021-08-21,1.625,63663736.38
2021-08-22,1.624,64256705.74
2021-08-23,1.475,74419724.24
2021-08-24,1.528,56884598.04
2021-08-25,1.373,66451069.5
2021-08-26,1.519,66604178.68
2021-08-27,1.459,38400284.05
2021-08-28,1.42,35502641.52
2021-08-29,1.319,64910081.01
2021-08-30,1.339,77246415.23
2021-08-31,1.47,117660301.0
2021-09-01,1.446,88258228.0
2021-09-02,1.457,69287757.62
2021-09-03,1.74,173812681.71
2021-09-04,1.681,160779133.5
2021-09-05,1.644,119838563.51
2021-09-06,1.36,276855315.73
2021-09-07,1.333,188318760.68
2021-09-08,1.368,197251719.33
2021-09-09,1.303,149779497.88
2021-09-10,1.315,83447484.69
2021-09-11,1.328,71376552.31
2021-09-12,1.247,108600570.61
2021-09-13,1.319,87813822.06
2021-09-14,1.416,72570795.32
2021-09-15,1.383,124994347.23
2021-09-16,1.421,128216067.28
2021-09-17,1.365,82568104.9
2021-09-18,1.314,68834429.43
2021-09-19,1.134,185164969.37
2021-09-20,1.046,117316958.4
2021-09-21,1.231,102304943.8
2021-09-22,1.225,80472630.15
2021-09-23,1.127,73983674.84
2021-09-24,1.122,68137381.72
2021-09-25,1.125,58221585.5
2021-09-26,1.085,40458556.15
2021-09-27,1.05,37873944.42
2021-09-28,1.099,36162060.23
2021-09-29,1.126,35239805.34
2021-09-30,1.266,65808461.56
2021-10-01,1.295,43921695.83
2021-10-02,1.326,34575779.74
2021-10-03,1.276,42300172.91
2021-10-04,1.316,36774766.87
2021-10-05,1.257,58941322.14
2021-10-06,1.276,58412872.73
2021-10-07,1.344,69058769.42
2021-10-08,1.35,24167993.43
2021-10-09,1.245,32370678.61
2021-10-10,1.243,35700345.87
2021-10-11,1.222,53517229.32
2021-10-12,1.241,47811318.2
2021-10-13,1.265,47021076.4
2021-10-14,1.602,438358672.77
2021-10-15,1.508,86245571.42
2021-10-16,1.459,49499706.75
2021-10-17,1.481,103067906.99
2021-10-18,1.476,56994571.52
2021-10-19,1.537,79541499.75
2021-10-20,1.506,107586855.28
2021-10-21,1.517,76816845.12
2021-10-22,1.641,94289386.73
2021-10-23,1.571,61424273.24
2021-10-24,1.675,81235994.14
2021-10-25,1.734,157879138.67
2021-10-26,1.757,313724824.53
2021-10-27,2.133,308128235.75
2021-10-28,2.023,206228313.92
2021-10-29,1.874,95137080.0
2021-10-30,1.941,128774327.7
2021-10-31,1.905,101435530.84
2021-11-01,1.939,74322147.53
2021-11-02,2.037,137110631.2
2021-11-03,1.918,62781802.41
2021-11-04,1.898,42847709.4
2021-11-05,1.885,42010285.34
2021-11-06,1.886,29848777.62
2021-11-07,1.895,58513287.86
2021-11-08,1.777,69393899.93
2021-11-09,1.701,117240338.56
2021-11-10,1.756,51690942.35
2021-11-11,1.715,54809963.42
2021-11-12,1.752,25563424.8
2021-11-13,1.729,26534677.89
2021-11-14,1.692,31134277.54
2021-11-15,1.561,108799236.57
2021-11-16,1.638,71864667.01
2021-11-17,1.497,71906943.96
2021-11-18,1.622,40650938.83
2021-11-19,1.667,31272961.02
2021-11-20,1.601,31616222.88
2021-11-21,1.56,36847967.9
2021-11-22,1.752,69567362.33
2021-11-23,1.687,88339903.44
2021-11-24,1.926,113931547.78
2021-11-25,1.64,176424277.08
2021-11-26,1.614,51641752.19
2021-11-27,1.654,65078755.54
2021-11-28,1.818,62326363.74
2021-11-29,1.785,118452829.16
2021-11-30,2.007,177377846.98
2021-12-01,2.126,261682277.96
2021-12-02,2.277,331068149.77
2021-12-03,1.979,343620233.13
2021-12-04,2.051,218218502.75
2021-12-05,2.279,299167681.31
2021-12-06,2.348,317268721.1
2021-12-07,2.419,262941002.15
2021-12-08,2.088,213244116.8
2021-12-09,2.094,202463142.6
2021-12-10,2.137,115433239.48
2021-12-11,2.087,70563095.94
2021-12-12,1.817,118867159.4
2021-12-13,1.941,108021194.97
2021-12-14,2.129,185325349.68
2021-12-15,2.069,117664484.43
2021-12-16,2.129,109201883.26
2021-12-17,2.232,97773479.79
2021-12-18,2.222,81966420.39
2021-12-19,2.128,90227669.97
2021-12-20,2.374,128773861.37
2021-12-21,2.501,214731368.29
2021-12-22,2.684,218328665.83
2021-12-23,2.467,121102922.42
2021-12-24,2.641,85627338.89
2021-12-25,2.877,153332948.23
2021-12-26,2.727,117297929.97
2021-12-27,2.492,202980510.57
2021-12-28,2.474,149350509.19
2021-12-29,2.554,94089776.7
2021-12-30,2.526,99801520.59
2021-12-31,2.573,53832514.67
2022-01-01,2.551,38315151.48
2022-01-02,2.432,67164655.01
2022-01-03,2.365,82361972.11
2022-01-04,2.18,106338930.2
2022-01-05,2.252,117522266.68
2022-01-06,2.051,124557035.54
2022-01-07,1.985,81541305.83
2022-01-08,2.115,54957314.97
2022-01-09,2.073,77562149.85
2022-01-10,2.36,107079854.53
2022-01-11,2.398,99993084.28
2022-01-12,2.263,82429904.23
2022-01-13,2.337,59159248.65
2022-01-14,2.348,40984533.27
2022-01-15,2.333,36368100.34
2022-01-16,2.22,99812065.46
2022-01-17,2.12,72747372.44
2022-01-18,2.03,68870490.88
2022-01-19,1.961,119853399.56
2022-01-20,1.702,404153247.58
2022-01-21,1.537,365364273.32
2022-01-22,1.617,194642046.23
2022-01-23,1.509,302926432.85
2022-01-24,1.558,187987731.62
2022-01-25,1.589,333347495.99
2022-01-26,1.591,217800843.89
2022-01-27,1.675,242933446.3
2022-01-28,1.695,118372381.17
2022-01-29,1.605,110973996.87
2022-01-30,1.643,126079145.1
2022-01-31,1.648,167578666.14
2022-02-01,1.54,116467787.5
2022-02-02,1.556,104119330.82
2022-02-03,1.696,113750475.12
2022-02-04,1.712,112285727.64
2022-02-05,1.74,77589991.72
2022-02-06,2.019,321889761.59
2022-02-07,1.944,201429284.01
2022-02-08,2.038,154098672.27
2022-02-09,1.896,209997201.67
2022-02-10,1.715,236936545.61
2022-02-11,1.701,108389679.13
2022-02-12,1.659,65112155.19
2022-02-13,1.657,122460802.34
2022-02-14,1.872,129983616.33
2022-02-15,1.837,129009246.87
2022-02-16,1.662,128577468.6
2022-02-17,1.594,102260090.49
2022-02-18,1.633,55142314.11
2022-02-19,1.512,83195576.82
2022-02-20,1.406,156793921.45
2022-02-21,1.463,139621356.6
2022-02-22,1.436,146507749.0
2022-02-23,1.441,257789664.68
2022-02-24,1.552,116271881.47
2022-02-25,1.516,58979040.65
2022-02-26,1.453,72171725.22
2022-02-27,1.616,99480191.5
2022-02-28,1.623,122751484.4
2022-03-01,1.637,105312049.07
2022-03-02,1.586,72517121.81
2022-03-03,1.476,66922524.7
2022-03-04,1.508,33930716.27
2022-03-05,1.435,32983783.81
2022-03-06,1.415,77291595.46
2022-03-07,1.447,56117369.48
2022-03-08,1.506,66297156.27
2022-03-09,1.437,55676876.87
2022-03-10,1.405,54690128.81
2022-03-11,1.397,26393456.62
2022-03-12,1.362,27820181.4
2022-03-13,1.379,42239909.06
2022-03-14,1.379,37536990.69
2022-03-15,1.468,56511341.75
2022-03-16,1.447,46021936.17
2022-03-17,1.499,45445698.78
2022-03-18,1.53,43887685.65
2022-03-19,1.464,28660300.93
2022-03-20,1.465,32829107.74
2022-03-21,1.507,42570168.97
2022-03-22,1.556,48760634.71
2022-03-23,1.63,73011998.68
2022-03-24,1.578,64892550.13
2022-03-25,1.612,26839335.63
2022-03-26,1.695,42746069.38
2022-03-27,1.658,75963093.57
2022-03-28,1.676,67176612.57
2022-03-29,1.683,65175655.01
2022-03-30,1.618,87521315.07
2022-03-31,1.695,66083868.39
2022-04-01,1.652,53391765.38
2022-04-02,1.688,40873849.21
2022-04-03,1.648,47344924.02
2022-04-04,1.592,42226133.4
2022-04-05,1.458,79897747.2
2022-04-06,1.513,48093986.69
2022-04-07,1.435,42483499.69
2022-04-08,1.463,19335044.72
2022-04-09,1.426,21325845.91
2022-04-10,1.334,57472798.56
2022-04-11,1.393,76859052.82
2022-04-12,1.419,44309001.86
2022-04-13,1.374,36802191.39
2022-04-14,1.398,19261160.15
2022-04-15,1.389,13414535.78
2022-04-16,1.338,18342242.11
2022-04-17,1.419,58088854.05
2022-04-18,1.428,41095182.6
2022-04-19,1.417,43243926.65
2022-04-20,1.378,43701004.59
2022-04-21,1.398,95689168.17
2022-04-22,1.363,31176929.74
2022-04-23,1.344,22819000.45
2022-04-24,1.353,59356301.92
2022-04-25,1.245,44820044.97
2022-04-26,1.257,32896354.29
2022-04-27,1.238,31875791.17
2022-04-28,1.141,53714751.04
2022-04-29,1.033,57358323.48
2022-04-30,1.099,76887617.99
2022-05-01,1.076,63951368.44
2022-05-02,1.076,40497249.84
2022-05-03,1.172,55689357.03
2022-05-04,1.064,61257394.59
2022-05-05,1.042,58306988.53
2022-05-06,1.019,53851119.8
2022-05-07,0.9756,57889848.2
2022-05-08,0.8109,124386070.4
2022-05-09,0.8885,169543567.15
2022-05-10,0.6728,195324148.88
2022-05-11,0.5991,143328776.0
2022-05-12,0.6663,97799758.26
2022-05-13,0.6842,52569574.62
2022-05-14,0.7414,47712668.04
2022-05-15,0.6761,52784388.23
2022-05-16,0.726,52476296.6
2022-05-17,0.6255,60945685.99
2022-05-18,0.6578,54316286.21
2022-05-19,0.6336,50926687.4
2022-05-20,0.6485,34333925.25
2022-05-21,0.6758,33223178.01
2022-05-22,0.6407,57597825.85
2022-05-23,0.6624,53875169.18
2022-05-24,0.6449,46358154.57
2022-05-25,0.5981,76740012.88
2022-05-26,0.5737,66636063.33
2022-05-27,0.5868,30355917.44
2022-05-28,0.5989,25035673.99
2022-05-29,0.6573,45735942.11
2022-05-30,0.6616,59215387.62
2022-05-31,0.5995,60645180.66
2022-06-01,0.6184,43494020.01
2022-06-02,0.5887,38438750.91
2022-06-03,0.5955,16786699.72
2022-06-04,0.5969,19065975.73
2022-06-05,0.6323,44025902.8
2022-06-06,0.6167,43842892.92
2022-06-07,0.6061,28831437.05
2022-06-08,0.6331,31357289.02
2022-06-09,0.5937,61058738.9
2022-06-10,0.5396,44595098.71
2022-06-11,0.4968,49947871.71
2022-06-12,0.4298,117328521.34
2022-06-13,0.415,75973210.68
2022-06-14,0.439,80512614.97
2022-06-15,0.3825,45435347.19
2022-06-16,0.3992,37686243.02
2022-06-17,0.3453,66054079.4
2022-06-18,0.3837,42927992.9
2022-06-19,0.4005,50907900.89
2022-06-20,0.4196,51726733.43
2022-06-21,0.455,66612775.45
2022-06-22,0.5622,138956457.35
2022-06-23,0.6065,119165136.03
2022-06-24,0.6007,64959179.74
2022-06-25,0.5582,51451769.89
2022-06-26,0.5314,76458592.83
2022-06-27,0.5101,94623720.37
2022-06-28,0.4959,110133310.34
2022-06-29,0.4807,115580688.51
2022-06-30,0.4611,63741538.02
2022-07-01,0.4922,24122126.17
2022-07-02,0.4613,60676956.65
2022-07-03,0.4908,34342426.79
2022-07-04,0.5126,84078992.76
2022-07-05,0.5251,57156880.54
2022-07-06,0.5627,63424615.08
2022-07-07,0.6057,87935064.59
2022-07-08,0.5895,33998943.37
2022-07-09,0.571,31818108.66
2022-07-10,0.5628,67916150.5
2022-07-11,0.5356,73868713.71
2022-07-12,0.6385,119405855.98
2022-07-13,0.709,173981097.71
2022-07-14,0.7032,112112336.35
2022-07-15,0.7292,75293628.56
2022-07-16,0.7525,112559332.48
2022-07-17,0.96,269885670.59
2022-07-18,0.9265,188198639.46
2022-07-19,0.832,211231083.06
2022-07-20,0.9056,145179811.79
2022-07-21,0.8507,113597127.68
2022-07-22,0.8718,76423323.29
2022-07-23,0.8797,82044730.12
2022-07-24,0.7689,111297482.29
2022-07-25,0.7837,95953646.03
2022-07-26,0.8975,155860731.33
2022-07-27,0.9346,207650669.51
2022-07-28,0.9382,173479719.63
2022-07-29,0.9308,96946554.57
2022-07-30,0.9288,109990191.7
2022-07-31,0.8919,96898063.26
2022-08-01,0.8766,77572218.4
2022-08-02,0.8888,55465052.08
2022-08-03,0.8916,39350608.8
2022-08-04,0.9277,59263476.72
2022-08-05,0.9078,45115211.87
2022-08-06,0.9071,28814445.68
2022-08-07,0.9223,45604928.74
2022-08-08,0.8913,49681859.28
2022-08-09,0.9385,67236259.67
2022-08-10,0.9217,50961542.87
2022-08-11,0.935,36313835.13
2022-08-12,1.026,124442197.22
2022-08-13,1.001,62127317.82
2022-08-14,0.9511,90341520.86
2022-08-15,0.9349,54213648.99
2022-08-16,0.8844,68984357.27
2022-08-17,0.8572,37910127.64
2022-08-18,0.7696,95688240.88
2022-08-19,0.7862,64830096.23
2022-08-20,0.8204,44983553.16
2022-08-21,0.8098,39231845.9
2022-08-22,0.8315,45786858.96
2022-08-23,0.8135,40683700.59
2022-08-24,0.819,34410899.14
2022-08-25,0.7659,87206873.86
2022-08-26,0.8053,57827979.34
2022-08-27,0.7823,52442927.21
2022-08-28,0.817,53656367.35
2022-08-29,0.8149,55284461.75
2022-08-30,0.8325,54316067.23
2022-08-31,0.8846,71190029.72
2022-09-01,0.8719,65963837.67
2022-09-02,0.8892,30119147.1
2022-09-03,0.8951,26153888.72
2022-09-04,0.8819,31866169.03
2022-09-05,0.816,76953455.7
2022-09-06,0.8403,51537669.86
2022-09-07,0.8453,44687059.44
2022-09-08,0.891,46357284.75
2022-09-09,0.9061,35405614.7
2022-09-10,0.894,22074232.63
2022-09-11,0.931,78349179.59
2022-09-12,0.8461,95920348.78
2022-09-13,0.865,47001635.74
2022-09-14,0.8246,53562028.83
2022-09-15,0.8068,37742465.74
2022-09-16,0.8284,14760163.4
2022-09-17,0.7533,29631718.56
2022-09-18,0.7657,35938431.62
2022-09-19,0.7333,36040534.95
2022-09-20,0.7009,65237290.63
2022-09-21,0.752,42628222.89
2022-09-22,0.7787,50817734.83
2022-09-23,0.7528,25289783.7
2022-09-24,0.7397,21223437.87
2022-09-25,0.756,39891127.47
2022-09-26,0.7389,53376091.35
2022-09-27,0.7474,32961994.43
2022-09-28,0.7633,24645251.01
2022-09-29,0.7779,40434333.46
2022-09-30,0.7669,11232453.22
2022-10-01,0.7633,15705544.11
2022-10-02,0.8005,35818811.15
2022-10-03,0.8356,51384099.86
2022-10-04,0.8517,41367485.17
2022-10-05,0.8337,43266557.77
2022-10-06,0.8315,25972634.97
2022-10-07,0.8146,10976279.38
2022-10-08,0.8256,11270120.4
2022-10-09,0.8136,32061726.53
2022-10-10,0.7908,27948375.55
2022-10-11,0.7829,16097432.91
2022-10-12,0.7756,62436223.43
2022-10-13,0.7933,38591354.56
2022-10-14,0.7891,16910097.71
2022-10-15,0.7987,10879177.75
2022-10-16,0.8482,35288576.65
2022-10-17,0.8641,59818417.59
2022-10-18,0.8446,52545372.83
2022-10-19,0.8096,53241007.34
2022-10-20,0.8321,47761653.34
2022-10-21,0.8319,19445578.24
2022-10-22,0.899,37944196.9
2022-10-23,0.8933,65625451.36
2022-10-24,0.9178,76014725.52
2022-10-25,0.9379,69625022.68
2022-10-26,0.9037,64879568.93
2022-10-27,0.9448,53079587.36
2022-10-28,0.9339,48629769.6
2022-10-29,0.9086,38112554.36
2022-10-30,0.9029,43037885.98
2022-10-31,0.874,33804602.34
2022-11-01,0.8735,90702271.84
2022-11-02,0.9511,148802899.29
2022-11-03,1.169,264679931.27
2022-11-04,1.185,173555820.25
2022-11-05,1.135,114643744.9
2022-11-06,1.257,219666575.67
2022-11-07,1.044,297450144.26
2022-11-08,0.8092,227447645.17
2022-11-09,1.122,200446842.13
2022-11-10,1.062,137933082.05
2022-11-11,0.938,80515749.35
2022-11-12,0.8882,62514984.95
2022-11-13,0.9168,82671545.6
2022-11-14,0.9405,63409559.2
2022-11-15,0.8976,48952895.49
2022-11-16,0.8732,46528216.8
2022-11-17,0.8784,30696593.68
2022-11-18,0.8754,24204231.89
2022-11-19,0.8059,39219890.14
2022-11-20,0.7953,51318574.92
2022-11-21,0.8505,62259826.06
2022-11-22,0.8608,50063086.65
2022-11-23,0.8485,37088963.03
2022-11-24,0.8436,24723140.76
2022-11-25,0.8457,22191345.32
2022-11-26,0.8435,22184374.55
2022-11-27,0.821,36614907.54
2022-11-28,0.8383,24493744.66
2022-11-29,0.9339,75449563.75
2022-11-30,0.9084,64697561.88
2022-12-01,0.9488,51840618.64
2022-12-02,0.9023,24940852.98
2022-12-03,0.9217,19926844.65
2022-12-04,0.9115,42542590.96
2022-12-05,0.9179,27340787.36
2022-12-06,0.8977,39364773.01
2022-12-07,0.9277,32222821.66
2022-12-08,0.9097,23696039.2
2022-12-09,0.9082,15587813.04
2022-12-10,0.8925,18698357.8
2022-12-11,0.9109,28353255.66
2022-12-12,0.9241,52230845.11
2022-12-13,0.9029,34652004.95
2022-12-14,0.8783,29569613.59
2022-12-15,0.7943,47605529.98
2022-12-16,0.8161,28765054.26
2022-12-17,0.8124,15154879.33
2022-12-18,0.7736,36433708.74
2022-12-19,0.8016,36357059.62
2022-12-20,0.7942,24015008.23
2022-12-21,0.7961,22724435.62
2022-12-22,0.799,17278093.78
2022-12-23,0.7954,8262346.96
2022-12-24,0.795,9119317.47
2022-12-25,0.8145,13029964.35
2022-12-26,0.806,15620615.13
2022-12-27,0.7823,22833146.41
2022-12-28,0.7768,16762624.35
2022-12-29,0.7607,29177358.35
2022-12-30,0.7574,11825224.72
2022-12-31,0.7602,10345548.01
2023-01-01,0.7806,20060136.18
2023-01-02,0.7794,16827629.55
2023-01-03,0.8067,38813888.59
2023-01-04,0.7886,25280597.28
2023-01-05,0.7989,21723737.42
2023-01-06,0.8062,13616140.1
2023-01-07,0.8401,22356348.31
2023-01-08,0.8426,46242124.05
2023-01-09,0.8583,24244159.65
2023-01-10,0.8927,27794457.37
2023-01-11,0.9156,55323075.54
2023-01-12,0.9305,36790899.23
2023-01-13,0.9985,116696403.31
2023-01-14,0.9835,41693149.48
2023-01-15,1.02,78706561.11
2023-01-16,0.9943,49652666.1
2023-01-17,0.9388,58825460.6
2023-01-18,0.9531,25806776.37
2023-01-19,1.027,44373973.8
2023-01-20,0.9895,48271535.23
2023-01-21,0.9942,45559829.89
2023-01-22,0.9936,36987229.39
2023-01-23,0.9555,52796705.34
2023-01-24,0.9912,44933598.16
2023-01-25,1.125,105807472.95
2023-01-26,1.159,114471450.46
2023-01-27,1.145,60184375.97
2023-01-28,1.178,59546832.58
2023-01-29,1.087,62345145.55
2023-01-30,1.109,39402223.9
2023-01-31,1.194,71295705.51
2023-02-01,1.181,88364303.15
2023-02-02,1.245,68819782.59
2023-02-03,1.254,44704597.35
2023-02-04,1.203,58405955.66
2023-02-05,1.19,43040395.3
2023-02-06,1.271,62379894.14
2023-02-07,1.304,107714275.42
2023-02-08,1.229,141911246.12
2023-02-09,1.231,101214794.49
2023-02-10,1.249,29450099.78
2023-02-11,1.237,45352771.89
2023-02-12,1.186,86255184.72
2023-02-13,1.259,88673995.09
2023-02-14,1.329,74585150.44
2023-02-15,1.371,148607947.8
2023-02-16,1.526,130402092.93
2023-02-17,1.485,71120348.21
2023-02-18,1.481,59100045.51
2023-02-19,1.475,53250044.69
2023-02-20,1.386,83315261.81
2023-02-21,1.395,72157648.48
2023-02-22,1.354,43240238.69
2023-02-23,1.265,66224815.05
2023-02-24,1.248,48874193.21
2023-02-25,1.281,43050374.06
2023-02-26,1.234,58609195.62
2023-02-27,1.196,62107292.82
2023-02-28,1.25,56897046.6
2023-03-01,1.227,34022327.54
2023-03-02,1.169,54494949.08
2023-03-03,1.128,19867663.84
2023-03-04,1.136,28093590.76
2023-03-05,1.131,34276485.09
2023-03-06,1.15,56875796.82
2023-03-07,1.051,70320373.59
2023-03-08,1.017,75257078.97
2023-03-09,1.062,98987204.88
2023-03-10,1.064,67295527.14
2023-03-11,1.158,57354772.08
2023-03-12,1.197,87034776.1
2023-03-13,1.201,87554117.45
2023-03-14,1.116,75626685.16
2023-03-15,1.15,39289906.69
2023-03-16,1.225,50488307.47
2023-03-17,1.173,51483163.49
2023-03-18,1.169,33403323.28
2023-03-19,1.106,55733599.53
2023-03-20,1.156,51050999.14
2023-03-21,1.11,52476279.82
2023-03-22,1.138,40205967.46
2023-03-23,1.098,44993544.77
2023-03-24,1.079,20752605.37
2023-03-25,1.105,20736490.76
2023-03-26,1.046,37826089.45
2023-03-27,1.086,34862672.96
2023-03-28,1.123,30609449.45
2023-03-29,1.093,29070170.14
2023-03-30,1.118,23238016.66
2023-03-31,1.112,14743247.81
2023-04-01,1.096,12140310.1
2023-04-02,1.097,24640012.73
2023-04-03,1.139,28299703.18
2023-04-04,1.141,28565146.71
2023-04-05,1.115,19385577.94
2023-04-06,1.108,14681890.62
2023-04-07,1.103,5393080.51
2023-04-08,1.102,8693062.28
2023-04-09,1.122,15561897.82
2023-04-10,1.113,21720316.43
2023-04-11,1.104,19874496.89
2023-04-12,1.135,21218936.74
2023-04-13,1.161,63179327.15
2023-04-14,1.171,29457882.17
2023-04-15,1.184,22762305.28
2023-04-16,1.153,32628097.51
2023-04-17,1.172,32452679.14
2023-04-18,1.085,60650015.66
2023-04-19,1.046,27490983.19
2023-04-20,1.012,23276888.24
2023-04-21,1.025,10758750.19
2023-04-22,1.004,15990787.04
2023-04-23,0.9893,18445834.85
2023-04-24,1.005,19719897.44
2023-04-25,0.9863,36678815.16
2023-04-26,1.013,26002018.84
2023-04-27,0.9992,15486857.33
2023-04-28,1.004,14193717.44
2023-04-29,0.9809,12362137.86
2023-04-30,0.9596,15529069.68
2023-05-01,0.9776,12891183.09
2023-05-02,1.006,18294484.52
2023-05-03,0.983,9168502.78
2023-05-04,0.9988,11254587.86
2023-05-05,0.9779,12817170.61
2023-05-06,0.9652,7524080.44
2023-05-07,0.9023,27763696.91
2023-05-08,0.8778,14147167.55
2023-05-09,0.8777,28991921.14
2023-05-10,0.8413,22615502.83
2023-05-11,0.8651,26680603.28
2023-05-12,0.8493,6851477.58
2023-05-13,0.8593,8769985.83
2023-05-14,0.8592,17963300.78
2023-05-15,0.8455,16095879.42
2023-05-16,0.8868,23941330.17
2023-05-17,0.8721,17757784.55
2023-05-18,0.8718,8566065.75
2023-05-19,0.877,4843526.43
2023-05-20,0.857,5385009.13
2023-05-21,0.8718,11034890.47
2023-05-22,0.8894,12518224.3
2023-05-23,0.8733,15871690.81
2023-05-24,0.8897,18559046.46
2023-05-25,0.9109,30581655.14
2023-05-26,0.9209,8166686.82
2023-05-27,0.941,13586189.02
2023-05-28,0.909,13377987.19
2023-05-29,0.9015,16841579.46
2023-05-30,0.8922,16310543.61
2023-05-31,0.8892,8319780.36
2023-06-01,0.8997,8171096.66
2023-06-02,0.9,4183096.97
2023-06-03,0.8932,5789878.1
2023-06-04,0.8358,22196731.2
2023-06-05,0.8231,48988267.35
2023-06-06,0.7652,36453135.1
2023-06-07,0.7813,12197142.66
2023-06-08,0.7259,21711123.68
2023-06-09,0.6108,72647954.5
2023-06-10,0.6355,23755894.43
2023-06-11,0.6432,18275203.55
2023-06-12,0.6448,13547055.52
2023-06-13,0.6193,14745504.28
2023-06-14,0.5902,19829502.89
2023-06-15,0.5899,15749232.67
2023-06-16,0.6132,14258608.33
2023-06-17,0.597,6756587.08
2023-06-18,0.6149,7601085.65
2023-06-19,0.6317,12816537.85
2023-06-20,0.6684,24532880.53
2023-06-21,0.656,22150603.3
2023-06-22,0.6758,13531134.12
2023-06-23,0.6547,10491141.67
2023-06-24,0.6667,6580937.36
2023-06-25,0.6455,9512538.23
2023-06-26,0.6623,8170109.71
2023-06-27,0.6132,17758767.52
2023-06-28,0.6241,8506850.29
2023-06-29,0.6614,24458062.69
2023-06-30,0.6771,10993046.1
2023-07-01,0.6819,10254105.19
2023-07-02,0.7149,17325388.63
2023-07-03,0.6957,11775836.14
2023-07-04,0.6703,14438741.53
2023-07-05,0.6604,16095215.06
2023-07-06,0.6767,7305384.25
2023-07-07,0.6797,7791064.12
2023-07-08,0.6884,10324839.08
2023-07-09,0.7353,25304038.08
2023-07-10,0.7427,12669220.44
2023-07-11,0.7235,14166456.6
2023-07-12,0.8507,54444813.86
2023-07-13,0.8087,33202641.64
2023-07-14,0.8,6803423.02
2023-07-15,0.7677,6586507.82
2023-07-16,0.7778,9927937.44
2023-07-17,0.7387,9157720.5
2023-07-18,0.744,11594662.43
2023-07-19,0.7674,14949993.19
2023-07-20,0.77,10220432.44
2023-07-21,0.7462,6288612.5
2023-07-22,0.7574,6288638.66
2023-07-23,0.728,10724319.37
2023-07-24,0.7079,9446944.66
2023-07-25,0.7225,11306424.31
2023-07-26,0.7167,7574296.32
2023-07-27,0.7092,5090777.09
2023-07-28,0.7187,4587988.41
2023-07-29,0.6974,5766204.76
2023-07-30,0.6876,7545734.35
2023-07-31,0.7017,9045611.66
2023-08-01,0.6802,7766899.79
2023-08-02,0.6673,7837575.63
2023-08-03,0.6637,6876762.64
2023-08-04,0.667,2896254.02
2023-08-05,0.6663,3981363.89
2023-08-06,0.6656,9293084.08
2023-08-07,0.6853,12241920.68
2023-08-08,0.6897,8062649.8
2023-08-09,0.6847,7064345.03
2023-08-10,0.6804,4429818.37
2023-08-11,0.6818,2598168.66
2023-08-12,0.6769,2418251.83
2023-08-13,0.679,6602085.46
2023-08-14,0.6384,8721596.08
2023-08-15,0.6231,13981010.76
2023-08-16,0.573,21668818.86
2023-08-17,0.5775,10533024.15
2023-08-18,0.577,4371513.98
2023-08-19,0.5802,4008638.9
2023-08-20,0.5571,8676656.7
2023-08-21,0.5489,14872265.06
2023-08-22,0.5569,8880895.15
2023-08-23,0.5471,5083781.27
2023-08-24,0.5461,4671787.34
2023-08-25,0.5483,1831277.13
2023-08-26,0.5557,3861879.98
2023-08-27,0.5618,4775929.55
2023-08-28,0.5935,16906425.51
2023-08-29,0.5749,5485577.6
2023-08-30,0.5489,7959890.75
2023-08-31,0.5402,6226492.2
2023-09-01,0.5409,2573253.56
2023-09-02,0.5421,2431933.37
2023-09-03,0.5543,5224623.42
2023-09-04,0.5581,7023041.09
2023-09-05,0.5583,6954764.86
2023-09-06,0.5552,5372731.78
2023-09-07,0.5437,6068199.91
2023-09-08,0.5393,1892532.43
2023-09-09,0.5232,7896858.68
2023-09-10,0.5035,8774061.67
2023-09-11,0.5064,7811096.21
2023-09-12,0.5135,6157138.73
2023-09-13,0.5223,6009306.8
2023-09-14,0.53,6387336.77
2023-09-15,0.5286,2602927.61
2023-09-16,0.5173,3198033.5
2023-09-17,0.5264,5261410.47
2023-09-18,0.5449,5691578.21
2023-09-19,0.541,5860436.9
2023-09-20,0.5195,4002859.63
2023-09-21,0.5209,2758654.86
2023-09-22,0.5207,1273934.06
2023-09-23,0.5137,2162301.69
2023-09-24,0.5193,2798950.55
2023-09-25,0.5097,2199034.64
2023-09-26,0.5032,4239463.39
2023-09-27,0.5197,4638564.15
2023-09-28,0.5258,3752922.2
2023-09-29,0.5329,3717776.58
2023-09-30,0.5686,15817800.45
2023-10-01,0.5473,7809757.92
2023-10-02,0.5665,14068557.55
2023-10-03,0.5626,14551419.88
2023-10-04,0.5446,7289563.32
2023-10-05,0.5638,7108125.43
2023-10-06,0.5641,7407052.31
2023-10-07,0.5611,3914615.53
2023-10-08,0.5293,10481369.74
2023-10-09,0.5172,8483963.58
2023-10-10,0.5144,5097513.93
2023-10-11,0.5077,5467330.09
2023-10-12,0.5148,5449729.6
2023-10-13,0.5175,2925356.69
2023-10-14,0.5151,4192532.55
2023-10-15,0.5338,10648018.47
2023-10-16,0.5193,5009777.65
2023-10-17,0.5106,3480651.75
2023-10-18,0.5174,5696631.61
2023-10-19,0.536,13210880.08
2023-10-20,0.5728,10436214.51
2023-10-21,0.61,14936521.28
2023-10-22,0.637,27929568.88
2023-10-23,0.6244,30528929.9
2023-10-24,0.6307,22225678.44
2023-10-25,0.6322,15064241.06
2023-10-26,0.6088,14222383.51
2023-10-27,0.6204,7889746.56
2023-10-28,0.6387,8561237.38
2023-10-29,0.6501,12704009.74
2023-10-30,0.6366,14741819.42
2023-10-31,0.6696,19143572.59
2023-11-01,0.6602,16415546.25
2023-11-02,0.6721,9610862.37
2023-11-03,0.6772,5967021.94
2023-11-04,0.6922,11197425.27
2023-11-05,0.7364,15067973.48
2023-11-06,0.7412,22368801.24
2023-11-07,0.7882,38463254.87
2023-11-08,0.8546,48121918.62
2023-11-09,0.843,39369872.38
2023-11-10,0.8031,66643445.17
2023-11-11,0.898,77965360.26
2023-11-12,0.8826,88291056.2
2023-11-13,0.9177,101979485.56
2023-11-14,0.9199,86711818.25
2023-11-15,0.845,71976725.86
2023-11-16,0.831,35293574.32
2023-11-17,0.8325,18524553.27
2023-11-18,0.8526,18924421.94
2023-11-19,0.8108,24614513.36
2023-11-20,0.7283,41288054.06
2023-11-21,0.7728,26128454.56
2023-11-22,0.7721,11920214.52
2023-11-23,0.7604,19041202.99
2023-11-24,0.7797,12068683.61
2023-11-25,0.7625,19016127.19
2023-11-26,0.7427,15331349.16
2023-11-27,0.7488,11779057.95
2023-11-28,0.7578,17206947.84
2023-11-29,0.7626,20461558.38
2023-11-30,0.7995,21508328.59
2023-12-01,0.8155,23902404.04
2023-12-02,0.8142,17070171.44
2023-12-03,0.8102,25897266.06
2023-12-04,0.8134,14802366.26
2023-12-05,0.8196,23515606.79
2023-12-06,0.8425,28261126.29
2023-12-07,0.9063,31458420.89
2023-12-08,0.8839,34544148.06
2023-12-09,0.9228,21828052.81
2023-12-10,0.842,40047531.26
2023-12-11,0.8856,31535677.64
2023-12-12,0.8878,26788504.1
2023-12-13,0.8842,31999944.47
2023-12-14,0.838,20878960.18
2023-12-15,0.8507,11048147.43
2023-12-16,0.8168,11570092.76
2023-12-17,0.8008,46729795.09
2023-12-18,0.7656,47051809.57
2023-12-19,0.7759,58193904.2
2023-12-20,0.8167,42668546.26
2023-12-21,0.8782,39728008.81
2023-12-22,0.8579,18149644.9
2023-12-23,0.8479,29317006.21
2023-12-24,0.9129,42040589.24
2023-12-25,1.019,99116287.72
2023-12-26,1.037,109413387.44
2023-12-27,1.003,49239552.3
2023-12-28,0.9737,41257574.67
2023-12-29,0.9507,16498623.6
2023-12-30,0.9703,34122023.78
2023-12-31,1.016,25336125.54
2024-01-01,0.9696,31809628.8
2024-01-02,0.8545,54449658.75
2024-01-03,0.8843,20095832.06
2024-01-04,0.8534,22544902.53
2024-01-05,0.8284,10316883.9
2024-01-06,0.8017,7736762.58
2024-01-07,0.8425,24250329.03
2024-01-08,0.8065,16338603.9
2024-01-09,0.8998,36731275.3
2024-01-10,0.9265,39994193.6
2024-01-11,0.8631,31110206.6
2024-01-12,0.8815,10381332.08
2024-01-13,0.837,10790285.98
2024-01-14,0.844,9106377.64
2024-01-15,0.8449,10634426.09
2024-01-16,0.8098,12062983.26
2024-01-17,0.7851,12057210.38
2024-01-18,0.7616,14890999.8
2024-01-19,0.7868,7801733.63
2024-01-20,0.7827,7934451.25
2024-01-21,0.7464,13965662.88
2024-01-22,0.725,12113970.94
2024-01-23,0.7387,10984815.17
2024-01-24,0.7321,6623805.87
2024-01-25,0.7586,8908487.22
2024-01-26,0.7881,9665437.49
2024-01-27,0.7891,11430432.48
2024-01-28,0.8132,13628091.79
2024-01-29,0.7993,14274561.32
2024-01-30,0.7867,15582156.21
2024-01-31,0.811,10844023.31
2024-02-01,0.7991,11425505.34
2024-02-02,0.7849,4944399.72
2024-02-03,0.7733,5500315.66
2024-02-04,0.7793,8063043.38
2024-02-05,0.8051,13436038.12
2024-02-06,0.8342,12694267.72
2024-02-07,0.8338,19903729.23
2024-02-08,0.8535,20974034.49
2024-02-09,0.8491,12556691.57
2024-02-10,0.8353,11667651.81
2024-02-11,0.8804,25970565.27
2024-02-12,0.8545,14178668.48
2024-02-13,0.8909,29958647.64
2024-02-14,0.8903,25250986.27
2024-02-15,0.9515,38345209.9
2024-02-16,0.9284,20181237.93
2024-02-17,0.9995,24852130.79
2024-02-18,0.9972,27266897.03
2024-02-19,1.023,42311558.11
2024-02-20,0.9514,37979292.66
2024-02-21,0.9923,52240000.59
2024-02-22,0.987,29439842.05
2024-02-23,0.9945,18411217.03
2024-02-24,0.999,19087811.73
2024-02-25,1.06,49333675.48
2024-02-26,1.029,37730715.2
2024-02-27,1.01,47292609.49
2024-02-28,1.002,51580613.73
2024-02-29,1.026,29084331.68
2024-03-01,1.095,40458526.72
2024-03-02,1.09,34031918.43
2024-03-03,1.146,53097624.9
2024-03-04,1.035,68889104.8
2024-03-05,1.119,46434110.92
2024-03-06,1.162,51419033.83
2024-03-07,1.128,34346596.01
2024-03-08,1.159,27446368.9
2024-03-09,1.23,76087737.94
2024-03-10,1.242,40205284.35
2024-03-11,1.182,49674199.69
2024-03-12,1.271,52799565.52
2024-03-13,1.222,47348456.53
2024-03-14,1.142,53852358.55
2024-03-15,1.042,30671553.43
2024-03-16,1.088,24375130.3
2024-03-17,1.031,20631559.77
2024-03-18,0.9319,39926461.21
2024-03-19,1.008,32531987.86
2024-03-20,0.9953,17838424.84
2024-03-21,0.973,18441904.49
2024-03-22,0.9796,18170187.92
2024-03-23,1.011,12933925.99
2024-03-24,1.046,19821231.94
2024-03-25,1.046,17937359.77
2024-03-26,1.008,28378617.04
2024-03-27,1.002,19390749.36
2024-03-28,0.9912,17699294.55
2024-03-29,0.98,10735885.29
2024-03-30,1.003,8738241.18
2024-03-31,0.9513,21820957.21
2024-04-01,0.9004,16672653.79
2024-04-02,0.8954,12375710.1
2024-04-03,0.9058,17986500.72
2024-04-04,0.8843,11208355.15
2024-04-05,0.8975,5672441.36
2024-04-06,0.9109,11102710.96
2024-04-07,0.9471,14746760.02
2024-04-08,0.8973,11079446.02
2024-04-09,0.8873,13488844.25
2024-04-10,0.8781,12780981.99
2024-04-11,0.7656,31115676.63
2024-04-12,0.6539,36708632.51
2024-04-13,0.7117,23002643.97
2024-04-14,0.7078,19609706.62
2024-04-15,0.7034,17786521.0
2024-04-16,0.6679,9698826.78
2024-04-17,0.676,13056009.1
2024-04-18,0.6732,16004979.49
2024-04-19,0.7384,9312482.35
2024-04-20,0.7138,8077550.4
2024-04-21,0.7429,9593528.95
2024-04-22,0.729,6810236.8
2024-04-23,0.7051,11992087.41
2024-04-24,0.7204,8624681.14
2024-04-25,0.7029,7405148.38
2024-04-26,0.7325,7897854.01
2024-04-27,0.7211,6067402.88
2024-04-28,0.704,10490390.99
2024-04-29,0.6669,11413436.67
2024-04-30,0.6911,13078665.57
2024-05-01,0.7207,7987092.87
2024-05-02,0.7326,7556927.46
2024-05-03,0.7292,5093224.4
2024-05-04,0.7338,5513769.21
2024-05-05,0.71,15693012.38
2024-05-06,0.6932,7950892.62
2024-05-07,0.681,7237695.71
2024-05-08,0.6944,6532410.89
2024-05-09,0.6719,7833417.17
2024-05-10,0.6755,3337134.35
2024-05-11,0.6706,2708130.17
2024-05-12,0.6632,6631362.12
2024-05-13,0.6491,5782902.48
2024-05-14,0.6865,8410886.34
2024-05-15,0.6944,6531417.54
2024-05-16,0.7137,7288005.28
2024-05-17,0.7092,4119928.24
2024-05-18,0.683,4509109.52
2024-05-19,0.7506,11218540.03
2024-05-20,0.7287,25095363.69
2024-05-21,0.7228,14548419.49
2024-05-22,0.7434,15624912.55
2024-05-23,0.7233,6623402.17
2024-05-24,0.7294,3284322.43
2024-05-25,0.7156,3599064.24
2024-05-26,0.7437,6349111.3
2024-05-27,0.7313,8302626.17
2024-05-28,0.7139,9500561.63
2024-05-29,0.6962,8014156.06
2024-05-30,0.6937,6127502.14
2024-05-31,0.6985,3409231.43
2024-06-01,0.6894,3687623.27
2024-06-02,0.7046,6224700.23
2024-06-03,0.7151,4564248.99
2024-06-04,0.7249,6016736.45
2024-06-05,0.7255,11337544.27
2024-06-06,0.6667,22363396.81
2024-06-07,0.6498,5595552.64
2024-06-08,0.6551,3611839.69
2024-06-09,0.6494,7207946.0
2024-06-10,0.6176,10042305.87
2024-06-11,0.6446,8638949.73
2024-06-12,0.6045,7231104.44
2024-06-13,0.5913,11162295.4
2024-06-14,0.617,6032818.52
2024-06-15,0.6191,9730683.74
2024-06-16,0.5841,8269768.96
2024-06-17,0.5571,18818169.0
2024-06-18,0.577,6239277.35
2024-06-19,0.5733,4981286.38
2024-06-20,0.5686,4011895.77
2024-06-21,0.5708,2150639.06
2024-06-22,0.5613,3154908.1
2024-06-23,0.5611,9252530.01
2024-06-24,0.5673,6035665.28
2024-06-25,0.5514,3452589.46
2024-06-26,0.5662,5078520.61
2024-06-27,0.5521,4272834.19
2024-06-28,0.547,2978623.23
2024-06-29,0.5601,2973303.77
2024-06-30,0.5574,3825650.57
2024-07-01,0.5706,5167056.89
2024-07-02,0.5306,7055909.41
2024-07-03,0.4941,10567016.36
2024-07-04,0.4677,16809073.72
2024-07-05,0.5064,4743585.27
2024-07-06,0.4778,3525782.45
2024-07-07,0.5019,7400625.76
2024-07-08,0.5011,4621864.4
2024-07-09,0.513,4182137.24
2024-07-10,0.4983,4582338.1
2024-07-11,0.5074,2371925.46
2024-07-12,0.5312,4211081.09
2024-07-13,0.5311,3231704.69
2024-07-14,0.549,6765510.92
2024-07-15,0.5435,6724177.97
2024-07-16,0.5396,6164306.36
2024-07-17,0.5166,7538295.41
2024-07-18,0.5333,6105091.01
2024-07-19,0.5416,3322288.7
2024-07-20,0.5482,4128972.57
2024-07-21,0.5308,4449864.22
2024-07-22,0.5326,10324085.54
2024-07-23,0.517,4930939.3
2024-07-24,0.4973,7321956.01
2024-07-25,0.5147,3618506.48
2024-07-26,0.5173,3260750.69
2024-07-27,0.5087,2295019.09
2024-07-28,0.5105,4053700.65
2024-07-29,0.5052,4447517.46
2024-07-30,0.4956,6018625.86
2024-07-31,0.4916,10408186.83
2024-08-01,0.4677,5090667.87
2024-08-02,0.4546,5041820.48
2024-08-03,0.4213,5821271.41
2024-08-04,0.3845,24397362.23
2024-08-05,0.408,7609096.1
2024-08-06,0.392,6184098.65
2024-08-07,0.432,5526855.91
2024-08-08,0.4221,3784488.3
2024-08-09,0.4264,1918501.36
2024-08-10,0.4032,2754550.16
2024-08-11,0.4263,4808104.81
2024-08-12,0.4222,2925090.01
2024-08-13,0.4239,3385055.04
2024-08-14,0.4014,5937166.24
2024-08-15,0.4041,2611934.29
2024-08-16,0.4105,1349694.23
2024-08-17,0.4116,2127294.31
2024-08-18,0.4301,3572453.35
2024-08-19,0.4613,6595436.23
2024-08-20,0.5254,15496420.85
2024-08-21,0.5319,15943616.25
2024-08-22,0.5382,9234575.36
2024-08-23,0.5714,10109054.77
2024-08-24,0.5246,10087505.34
2024-08-25,0.5026,5898649.88
2024-08-26,0.4664,7216733.67
2024-08-27,0.4369,15384313.71
2024-08-28,0.4251,8524486.99
2024-08-29,0.4209,6161922.04
2024-08-30,0.4197,2389023.09
2024-08-31,0.4026,3059937.86
2024-09-01,0.4108,4305589.54
2024-09-02,0.3978,5194238.8
2024-09-03,0.3813,8577247.8
2024-09-04,0.3684,4800573.78
2024-09-05,0.3658,4466651.86
2024-09-06,0.3694,1642942.77
2024-09-07,0.3758,1542282.81
2024-09-08,0.3824,2975434.7
2024-09-09,0.3893,2671677.51
2024-09-10,0.3739,4040513.58
2024-09-11,0.379,2634803.92
2024-09-12,0.4111,8834200.36
2024-09-13,0.4057,3330383.55
2024-09-14,0.389,2723716.8
2024-09-15,0.3757,2919478.0
2024-09-16,0.3815,1965334.02
2024-09-17,0.3903,2800920.88
2024-09-18,0.3989,2632324.39
2024-09-19,0.401,3035357.91
2024-09-20,0.4115,1427146.51
2024-09-21,0.4008,1752929.51
2024-09-22,0.4058,2172826.01
2024-09-23,0.4093,1917814.63
2024-09-24,0.4094,2978948.52
2024-09-25,0.4257,3338915.11
2024-09-26,0.4335,2901907.56
2024-09-27,0.4241,2366910.58
2024-09-28,0.4212,1736780.56
2024-09-29,0.396,2208466.88
2024-09-30,0.3759,3195306.74
2024-10-01,0.3734,1850078.15
2024-10-02,0.3759,2993384.26
2024-10-03,0.3839,2054069.0
2024-10-04,0.3788,698116.31
2024-10-05,0.3826,926002.99
2024-10-06,0.3739,1578289.3
2024-10-07,0.3761,1710919.95
2024-10-08,0.3665,2334937.26
2024-10-09,0.3684,1243112.15
2024-10-10,0.3731,957583.25
2024-10-11,0.3714,703915.35
2024-10-12,0.3658,987922.88
2024-10-13,0.3759,1721714.58
2024-10-14,0.3699,2048369.46
2024-10-15,0.3713,1461044.44
2024-10-16,0.3658,1063845.32
2024-10-17,0.3695,1264412.54
2024-10-18,0.3714,1224633.59
2024-10-19,0.385,1631081.53
2024-10-20,0.3707,1792783.25
2024-10-21,0.3659,1458231.76
2024-10-22,0.3548,2399796.42
2024-10-23,0.3557,1365810.51
2024-10-24,0.3216,4138171.4
2024-10-25,0.3286,1520114.44
2024-10-26,0.3302,1716415.75
2024-10-27,0.3255,1924834.58
2024-10-28,0.3346,2740619.62
2024-10-29,0.3321,2063750.33
2024-10-30,0.3206,1724020.78
2024-10-31,0.3179,1247829.9
2024-11-01,0.3125,1324617.55
2024-11-02,0.3005,1588948.91
2024-11-03,0.2916,1777564.05
2024-11-04,0.3031,1688555.85
2024-11-05,0.3343,3847563.15
2024-11-06,0.3458,3872926.47
2024-11-07,0.3925,8870062.64
2024-11-08,0.3854,6199529.9
2024-11-09,0.4072,12970282.68
2024-11-10,0.4285,9161204.55
2024-11-11,0.4005,9785064.08
2024-11-12,0.3767,8064934.23
2024-11-13,0.3578,5629963.73
2024-11-14,0.3716,4672576.71
2024-11-15,0.425,11818732.85
2024-11-16,0.3999,7856844.12
2024-11-17,0.4573,9044534.4
2024-11-18,0.4329,5876383.08
2024-11-19,0.4318,8042108.9
2024-11-20,0.4543,6659197.56
2024-11-21,0.4949,12969784.56
2024-11-22,0.5714,33710097.53
2024-11-23,0.5758,14167070.93
2024-11-24,0.5473,15234079.32
2024-11-25,0.5279,9268424.98
2024-11-26,0.5812,8680623.32
2024-11-27,0.563,5091377.09
2024-11-28,0.5837,7780760.59
2024-11-29,0.5973,10167552.43
2024-11-30,0.6028,9291178.84
2024-12-01,0.6569,25486127.17
2024-12-02,0.702,37120938.77
2024-12-03,0.7097,19393388.82
2024-12-04,0.6808,21795462.16
2024-12-05,0.7149,14427944.41
2024-12-06,0.7002,7005590.36
2024-12-07,0.7031,7541151.59
2024-12-08,0.5839,20809591.34
2024-12-09,0.5803,13382294.12
2024-12-10,0.6302,9085521.0
2024-12-11,0.6247,9290183.27
2024-12-12,0.6216,5477694.52
2024-12-13,0.6009,4111453.17
2024-12-14,0.6162,3783145.68
2024-12-15,0.5927,7372770.39
2024-12-16,0.5664,6181170.17
2024-12-17,0.5157,7298161.12
2024-12-18,0.4746,8200991.84
2024-12-19,0.499,6039067.01
2024-12-20,0.4729,3020422.16
2024-12-21,0.473,2614910.46
2024-12-22,0.5008,2917793.86
2024-12-23,0.5283,4580507.99
2024-12-24,0.5139,3046964.88
2024-12-25,0.4759,2220595.76
2024-12-26,0.4791,2843372.13
2024-12-27,0.4876,2316755.16
2024-12-28,0.4647,2140237.42
2024-12-29,0.46,3727103.69
2024-12-30,0.4506,2975983.77
2024-12-31,0.4725,3783418.54
2025-01-01,0.4834,4365565.05
2025-01-02,0.5188,3716133.78
2025-01-03,0.5225,3447613.04
2025-01-04,0.516,2306550.15
2025-01-05,0.5243,3177543.87
2025-01-06,0.4697,3283632.64
2025-01-07,0.4639,3009432.42
2025-01-08,0.4484,4749024.9
2025-01-09,0.4577,2330797.11
2025-01-10,0.4595,1713365.27
2025-01-11,0.4499,1577044.88
2025-01-12,0.4393,3796912.62
2025-01-13,0.4554,2307784.38
2025-01-14,0.4871,3298494.13
2025-01-15,0.4734,3290653.2
2025-01-16,0.5071,4870459.73
2025-01-17,0.4827,4729974.24
2025-01-18,0.445,7343902.46
2025-01-19,0.4413,5780626.69
2025-01-20,0.4528,3031048.27
2025-01-21,0.4419,1840089.73
2025-01-22,0.442,2786135.91
2025-01-23,0.4326,2941380.06
2025-01-24,0.4345,1743838.61
2025-01-25,0.4345,2262057.82
2025-01-26,0.4152,4035464.7
2025-01-27,0.3904,2699431.3
2025-01-28,0.3946,2023083.83
2025-01-29,0.4114,1804829.96
2025-01-30,0.4072,1966363.14
2025-01-31,0.3743,2098950.92
2025-02-01,0.3333,4611827.64
2025-02-02,0.3457,9055378.38
2025-02-03,0.3136,2265969.16
2025-02-04,0.311,2165166.89
2025-02-05,0.297,2376556.23
2025-02-06,0.2988,2418788.14
2025-02-07,0.3091,1709829.04
2025-02-08,0.3042,1909314.54
2025-02-09,0.3132,2202588.18
2025-02-10,0.3071,3245739.85
2025-02-11,0.329,3579473.71
2025-02-12,0.3174,2345596.78
2025-02-13,0.3232,1882439.91
2025-02-14,0.3179,1439362.94
2025-02-15,0.3258,2486005.34
2025-02-16,0.3196,2859622.66
2025-02-17,0.3024,2947852.39
2025-02-18,0.3017,3182884.92
2025-02-19,0.3074,2211038.79
2025-02-20,0.2948,2047780.08
2025-02-21,0.2986,967083.03
2025-02-22,0.2965,1013369.16
2025-02-23,0.2668,2140916.48
2025-02-24,0.2719,3314935.45
2025-02-25,0.2733,4082244.66
2025-02-26,0.2769,1368404.61
2025-02-27,0.2718,2652732.62
2025-02-28,0.2823,1706776.18
2025-03-01,0.3032,3019664.38
2025-03-02,0.2548,4201281.69
2025-03-03,0.2498,3871298.3
2025-03-04,0.2559,1183543.42
2025-03-05,0.2496,1692263.84
2025-03-06,0.2414,1804005.42
2025-03-07,0.2458,1040136.77
2025-03-08,0.2211,2577997.74
2025-03-09,0.2057,2544723.88
2025-03-10,0.2153,1958867.59
2025-03-11,0.2166,3624082.42
2025-03-12,0.2108,1758153.55
2025-03-13,0.2148,1143549.02
2025-03-14,0.2189,1181959.96
2025-03-15,0.2101,1936002.08
2025-03-16,0.2142,1754154.7
2025-03-17,0.2119,1957930.4
2025-03-18,0.2203,1338059.08
2025-03-19,0.2115,943904.81
2025-03-20,0.2057,694027.51
2025-03-21,0.2091,496067.61
2025-03-22,0.2129,761560.65
2025-03-23,0.2196,1353669.83
2025-03-24,0.2293,1747998.63
2025-03-25,0.2326,2990518.53
2025-03-26,0.2309,1973135.57
2025-03-27,0.2126,1896780.72
2025-03-28,0.2028,1973336.85
2025-03-29,0.2041,812447.55
2025-03-30,0.2025,571262.41
2025-03-31,0.2012,845068.0
2025-04-01,0.1899,1270383.06
2025-04-02,0.1903,1754108.08
2025-04-03,0.1905,1992368.37
2025-04-04,0.1877,374670.23
2025-04-05,0.1711,1416643.23
2025-04-06,0.1737,3009253.39
2025-04-07,0.1671,1810152.01
2025-04-08,0.187,1872322.83
2025-04-09,0.1822,1071676.64
2025-04-10,0.1827,592325.73
2025-04-11,0.1902,767115.55
2025-04-12,0.1826,592359.44
2025-04-13,0.1824,848814.7
2025-04-14,0.18,663827.98
2025-04-15,0.1785,712665.07
2025-04-16,0.1823,367414.93
2025-04-17,0.189,531370.44
2025-04-18,0.1914,332251.13
2025-04-19,0.1912,320258.84
2025-04-20,0.1999,889830.52
2025-04-21,0.22,2012143.02
2025-04-22,0.222,1972990.99
2025-04-23,0.247,6705513.66
2025-04-24,0.2494,2769266.32
2025-04-25,0.2454,1244729.45
2025-04-26,0.2404,1937354.69
2025-04-27,0.2392,3590653.09
2025-04-28,0.236,1813859.27
2025-04-29,0.2377,1488725.02
2025-04-30,0.2398,1630705.78
2025-05-01,0.2396,1394435.84
2025-05-02,0.2298,757494.64
2025-05-03,0.2293,920708.8
2025-05-04,0.2233,1819402.28
2025-05-05,0.2181,1323358.06
2025-05-06,0.2188,1218000.0
2025-05-07,0.2505,2473740.23
2025-05-08,0.2526,2274541.27
2025-05-09,0.2745,1774249.71
2025-05-10,0.2549,1918231.82
2025-05-11,0.2551,1981635.65
2025-05-12,0.2596,2588378.32
2025-05-13,0.2493,1291586.97
2025-05-14,0.2355,1731360.69
2025-05-15,0.2383,744426.84
2025-05-16,0.2316,698291.42
2025-05-17,0.2417,1059767.67
2025-05-18,0.2327,1105084.68
2025-05-19,0.2321,1158605.84
2025-05-20,0.2423,1581218.96
2025-05-21,0.251,2331734.5
2025-05-22,0.235,1602135.97
2025-05-23,0.233,981517.44
2025-05-24,0.2358,1155757.93
2025-05-25,0.2309,974562.87
2025-05-26,0.2299,930873.27
2025-05-27,0.2288,731057.85
2025-05-28,0.2248,1254992.86
2025-05-29,0.2065,931353.39
2025-05-30,0.2144,994330.6
2025-05-31,0.2152,761170.21
2025-06-01,0.2189,620359.62
2025-06-02,0.2152,953901.46
2025-06-03,0.2132,694013.19
2025-06-04,0.1992,1414621.59
2025-06-05,0.2146,1505767.49
2025-06-06,0.213,1014109.83
2025-06-07,0.2104,951329.4
2025-06-08,0.219,639745.71
2025-06-09,0.2259,1178384.01
2025-06-10,0.2303,1475343.25
2025-06-11,0.2106,1026028.39
2025-06-12,0.2045,1074722.15
2025-06-13,0.199,289866.68
2025-06-14,0.1999,70678.45
